{"cameraMode":{"drawMode":0,"name":"Shaded","section":"Shading Mode"},"sceneLighting":false,"audioPlay":false,"sceneViewState":{"m_AlwaysRefresh":false,"showFog":false,"showSkybox":false,"showFlares":false,"showImageEffects":false,"showParticleSystems":false,"showVisualEffectGraphs":true,"m_FxEnabled":true},"in2DMode":false,"pivot":{"x":0.021449923515319825,"y":0.9521627426147461,"z":0.2494899034500122},"rotation":{"x":0.02577287144958973,"y":-0.9624091386795044,"z":0.09850761294364929,"w":0.25179898738861086},"size":1.9350887537002564,"orthographic":false}